date,dom_count
2014-07-17,113715324
2014-07-18,113715324
2014-07-19,113760531
2014-07-20,113744259
2014-07-21,113746896
2014-07-22,113768202
2014-07-23,113796039
2014-07-24,113827004
2014-07-25,113854862
2014-07-26,113856685
2014-07-27,113846861
2014-07-28,113835663
2014-07-29,113830690
2014-07-30,113880692
2014-07-31,113905720
2014-08-01,113925668
2014-08-02,113934580
2014-08-03,113917370
2014-08-04,113906790
2014-08-05,113927030
2014-08-06,113952275
2014-08-07,113970618
2014-08-08,113989289
2014-08-09,113994149
2014-08-10,113983828
2014-08-11,113978645
2014-08-12,113998933
2014-08-13,114026071
2014-08-14,114045068
2014-08-15,114055538
2014-08-16,114063560
2014-08-17,114056430
2014-08-18,114052027
2014-08-19,114085177
2014-08-20,114107445
2014-08-21,114116861
2014-08-22,114130141
2014-08-23,114121596
2014-08-24,114110574
2014-08-25,114117002
2014-08-26,114138089
2014-08-27,114169904
2014-08-28,114196448
2014-08-29,114219393
2014-08-30,114227478
2014-08-31,114218190
2014-09-01,114213577
2014-09-02,114206970
2014-09-03,114239229
2014-09-04,114264024
2014-09-05,114251618
2014-09-06,114177245
2014-09-07,114177245
2014-09-08,114178987
2014-09-09,114203981
2014-09-10,114241561
2014-09-11,114276008
2014-09-12,114303326
2014-09-13,114317830
2014-09-14,114307085
2014-09-15,114308212
2014-09-16,114348386
2014-09-17,114374287
2014-09-18,114409376
2014-09-19,114435701
2014-09-20,114450784
2014-09-21,114440945
2014-09-22,114440467
2014-09-23,114476246
2014-09-24,114505665
2014-09-25,114540697
2014-09-26,114540697
2014-09-27,114588980
2014-09-28,114593697
2014-09-29,114606380
2014-09-30,114641912
2014-10-01,114669958
2014-10-02,114687023
2014-10-03,114695722
2014-10-04,114684901
2014-10-05,114660791
2014-10-06,114644823
2014-10-07,114666581
2014-10-08,114688923
2014-10-09,114706941
2014-10-10,114723715
2014-10-11,114737077
2014-10-12,114722349
2014-10-13,114721585
2014-10-14,114751389
2014-10-15,114777716
2014-10-16,114804059
2014-10-17,114823484
2014-10-18,114832495
2014-10-19,114819988
2014-10-20,114814269
2014-10-21,114807050
2014-10-22,114812011
2014-10-23,114845801
2014-10-24,114865175
2014-10-25,114867396
2014-10-26,114848026
2014-10-27,114836669
2014-10-28,114854697
2014-10-29,114877140
2014-10-30,114901411
2014-10-31,114920013
2014-11-01,114926874
2014-11-02,114916061
2014-11-03,114909683
2014-11-04,114923913
2014-11-05,114947716
2014-11-06,114981066
2014-11-07,115002622
2014-11-08,115014378
2014-11-09,115003103
2014-11-10,114994278
2014-11-11,115024114
2014-11-12,115050247
2014-11-13,115066385
2014-11-14,115091912
2014-11-15,115106046
2014-11-16,115088048
2014-11-17,115083579
2014-11-18,115103168
2014-11-19,115136645
2014-11-20,115162546
2014-11-21,115183379
2014-11-22,115195147
2014-11-23,115173095
2014-11-24,115170138
2014-11-25,115191741
2014-11-26,115205158
2014-11-27,115220990
2014-11-28,115218631
2014-11-29,115218049
2014-11-30,115198107
2014-12-01,115198249
2014-12-02,115233122
2014-12-03,115251327
2014-12-04,115271972
2014-12-05,115289521
2014-12-06,115282507
2014-12-07,115276020
2014-12-08,115296793
2014-12-09,115317493
2014-12-10,115337494
2014-12-11,115349152
2014-12-12,115373317
2014-12-13,115364956
2014-12-14,115346131
2014-12-15,115355124
2014-12-16,115382860
2014-12-17,115399030
2014-12-18,115408608
2014-12-19,115421810
2014-12-20,115402975
2014-12-21,115373188
2014-12-22,115358251
2014-12-23,115351354
2014-12-24,115338826
2014-12-25,115322244
2014-12-26,115306660
2014-12-27,115295711
2014-12-28,115289167
2014-12-29,115303055
2014-12-30,115316209
2014-12-31,115356613
2015-01-01,115344061
2015-01-02,115326647
2015-01-03,115299109
2015-01-04,115291445
2015-01-05,115306487
2015-01-06,115328533
2015-01-07,115356442
2015-01-08,115376778
2015-01-09,115405425
2015-01-10,115475698
2015-01-11,115460920
2015-01-12,115467768
2015-01-13,115483750
2015-01-14,115511313
2015-01-15,115528337
2015-01-16,115548533
2015-01-17,115552438
2015-01-18,115536595
2015-01-19,115548726
2015-01-20,115578066
2015-01-21,115602937
2015-01-22,115630977
2015-01-23,115653743
2015-01-24,115658414
2015-01-25,115651389
2015-01-26,115663408
2015-01-27,115701225
2015-01-28,115743127
2015-01-29,115774722
2015-01-30,115799646
2015-01-31,115827773
2015-02-01,115824919
2015-02-02,115843267
2015-02-03,115880020
2015-02-04,115916024
2015-02-05,115955213
2015-02-06,115998434
2015-02-07,116013044
2015-02-08,116012081
2015-02-09,116020328
2015-02-10,116054426
2015-02-11,116119111
2015-02-12,116129306
2015-02-13,116155813
2015-02-14,116164748
2015-02-15,116150503
2015-02-16,116142571
2015-02-17,116161863
2015-02-18,116168624
2015-02-19,116200160
2015-02-20,116209464
2015-02-21,116195512
2015-02-22,116180211
2015-02-23,116175363
2015-02-24,116198567
2015-02-25,116227879
2015-02-26,116238766
2015-02-27,116255347
2015-02-28,116288734
2015-03-01,116287078
2015-03-02,116286708
2015-03-03,116320327
2015-03-04,116359415
2015-03-05,116415142
2015-03-06,116437095
2015-03-07,116451580
2015-03-08,116453098
2015-03-09,116462480
2015-03-10,116493397
2015-03-11,116536215
2015-03-12,116586635
2015-03-13,116621516
2015-03-14,116643078
2015-03-15,116636178
2015-03-16,116642194
2015-03-17,116673661
2015-03-18,116719626
2015-03-19,116762751
2015-03-20,116795726
2015-03-21,116808761
2015-03-22,116798546
2015-03-23,116799781
2015-03-24,116837596
2015-03-25,116866626
2015-03-26,116903184
2015-03-27,116921750
2015-03-28,116941277
2015-03-29,116929763
2015-03-30,116925682
2015-03-31,116940030
2015-04-01,116961833
2015-04-02,116992392
2015-04-03,117023695
2015-04-04,117029117
2015-04-05,117002378
2015-04-06,116984566
2015-04-07,116997512
2015-04-08,117005927
2015-04-09,117013022
2015-04-10,117021596
2015-04-11,117033435
2015-04-12,117003305
2015-04-13,116981017
2015-04-14,117000607
2015-04-15,117020377
2015-04-16,117023182
2015-04-17,117037095
2015-04-18,117043625
2015-04-19,117022653
2015-04-20,117009693
2015-04-21,117036598
2015-04-22,117051532
2015-04-23,117063597
2015-04-24,117065971
2015-04-25,117083691
2015-04-26,117063489
2015-04-27,117050690
2015-04-28,117099849
2015-04-29,117119099
2015-04-30,117125003
2015-05-01,117132593
2015-05-02,117136692
2015-05-03,117089950
2015-05-04,117077389
2015-05-05,117108204
2015-05-06,117128955
2015-05-07,117139115
2015-05-08,117159404
2015-05-09,117162291
2015-05-10,117139569
2015-05-11,117128302
2015-05-12,117142990
2015-05-13,117158799
2015-05-14,117174756
2015-05-15,117186198
2015-05-16,117191053
2015-05-17,117164995
2015-05-18,117153994
2015-05-19,117182699
2015-05-20,117206401
2015-05-21,117226657
2015-05-22,117244467
2015-05-23,117249818
2015-05-24,117232811
2015-05-25,117220172
2015-05-26,117236582
2015-05-27,117257659
2015-05-28,117274076
2015-05-29,117286913
2015-05-30,117305896
2015-05-31,117288662
2015-06-01,117284764
2015-06-02,117324915
2015-06-03,117353173
2015-06-04,117370454
2015-06-05,117387229
2015-06-06,117391440
2015-06-07,117372251
2015-06-08,117367822
2015-06-09,117410406
2015-06-10,117443542
2015-06-11,117461559
2015-06-12,117478702
2015-06-13,117486266
2015-06-14,117467403
2015-06-15,117458578
2015-06-16,117492738
2015-06-17,117521054
2015-06-18,117536072
2015-06-19,117564795
2015-06-20,117564591
2015-06-21,117543260
2015-06-22,117528970
2015-06-23,117550552
2015-06-24,117568400
2015-06-25,117583912
2015-06-26,117610423
2015-06-27,117620597
2015-06-28,117605334
2015-06-29,117600534
2015-06-30,117625781
2015-07-01,117648919
2015-07-02,117685755
2015-07-03,117701960
2015-07-04,117696539
2015-07-05,117673134
2015-07-06,117660128
2015-07-07,117677807
2015-07-08,117702056
2015-07-09,117725976
2015-07-10,117742438
2015-07-11,117745168
2015-07-12,117728936
2015-07-13,117721063
2015-07-14,117741407
2015-07-15,117751722
2015-07-16,117764757
2015-07-17,117773514
2015-07-18,117766798
2015-07-19,117749093
2015-07-20,117739402
2015-07-21,117771571
2015-07-22,117790724
2015-07-23,117814681
2015-07-24,117831824
2015-07-25,117844654
2015-07-26,117829874
2015-07-27,117825809
2015-07-28,117853515
2015-07-29,117879356
2015-07-30,117896742
2015-07-31,117906240
2015-08-01,117901135
2015-08-02,117891794
2015-08-03,117884846
2015-08-04,117910625
2015-08-05,117939791
2015-08-06,117966271
2015-08-07,117986268
2015-08-08,117995752
2015-08-09,117972942
2015-08-10,117971568
2015-08-11,117993229
2015-08-12,118016495
2015-08-13,118042900
2015-08-14,118071573
2015-08-15,118086571
2015-08-16,118079909
2015-08-17,118079533
2015-08-18,118108665
2015-08-19,118128769
2015-08-20,118166152
2015-08-21,118182966
2015-08-22,118186516
2015-08-23,118173815
2015-08-24,118169973
2015-08-25,118189988
2015-08-26,118215780
2015-08-27,118248767
2015-08-28,118273912
2015-08-29,118287068
2015-08-30,118273711
2015-08-31,118261807
2015-09-01,118287940
2015-09-02,118323448
2015-09-03,118350911
2015-09-04,118371448
2015-09-05,118356238
2015-09-06,118334911
2015-09-07,118333387
2015-09-08,118351595
2015-09-09,118389898
2015-09-10,118432321
2015-09-11,118462544
2015-09-12,118493994
2015-09-13,118508034
2015-09-14,118533867
2015-09-15,118588917
2015-09-16,118626129
2015-09-17,118662288
2015-09-18,118686493
2015-09-19,118696092
2015-09-20,118689441
2015-09-21,118709235
2015-09-22,118733143
2015-09-23,118815196
2015-09-24,118896145
2015-09-25,118926309
2015-09-26,119032861
2015-09-27,119084977
2015-09-28,119116583
2015-09-29,119168262
2015-09-30,119219432
2015-10-01,119278369
2015-10-02,119302707
2015-10-03,119314620
2015-10-04,119305526
2015-10-05,119303115
2015-10-06,119330811
2015-10-07,119363891
2015-10-08,119406697
2015-10-09,119449083
2015-10-10,119465217
2015-10-11,119474460
2015-10-12,119467532
2015-10-13,119497845
2015-10-14,119540548
2015-10-15,119594069
2015-10-16,119653232
2015-10-17,119677366
2015-10-18,119674040
2015-10-19,119683001
2015-10-20,119743539
2015-10-21,119803789
2015-10-22,119859318
2015-10-23,119899650
2015-10-24,119945565
2015-10-25,119977321
2015-10-26,119997213
2015-10-27,120034068
2015-10-28,120066506
2015-10-29,120101003
2015-10-30,120119161
2015-10-31,120131274
2015-11-01,120171009
2015-11-02,120205137
2015-11-03,120264620
2015-11-04,120324928
2015-11-05,120512694
2015-11-06,120626709
2015-11-07,120794549
2015-11-08,120956572
2015-11-09,121126545
2015-11-10,121366469
2015-11-11,121500200
2015-11-12,121608569
2015-11-13,121714154
2015-11-14,121809551
2015-11-15,121879750
2015-11-16,121964900
2015-11-17,122128513
2015-11-18,122282492
2015-11-19,122365898
2015-11-20,122435329
2015-11-21,122500953
2015-11-22,122522750
2015-11-23,122534771
2015-11-24,122573611
2015-11-25,122594525
2015-11-26,122631933
2015-11-27,122652333
2015-11-28,122666182
2015-11-29,122650494
2015-11-30,122650263
2015-12-01,122706795
2015-12-02,122764962
2015-12-03,122788284
2015-12-04,122812596
2015-12-05,122832778
2015-12-06,122804308
2015-12-07,122812760
2015-12-08,122841839
2015-12-09,122864452
2015-12-10,122901939
2015-12-11,122931976
2015-12-12,122944795
2015-12-13,122930245
2015-12-14,122930492
2015-12-15,122967427
2015-12-16,122994734
2015-12-17,123029970
2015-12-18,123045522
2015-12-19,123049171
2015-12-20,123034791
2015-12-21,123032029
2015-12-22,123058777
2015-12-23,123070315
2015-12-24,123082419
2015-12-25,123088491
2015-12-26,123064547
2015-12-27,123048693
2015-12-28,123040111
2015-12-29,123050726
2015-12-30,123064509
2015-12-31,123085271
2016-01-01,123081553
2016-01-02,123063139
2016-01-03,123049155
2016-01-04,123053718
2016-01-05,123098663
2016-01-06,123120290
2016-01-07,123156336
2016-01-08,123199293
2016-01-09,123210801
2016-01-10,123212907
2016-01-11,123221082
2016-01-12,123288258
2016-01-13,123331792
2016-01-14,123362647
2016-01-15,123399229
2016-01-16,123397972
2016-01-17,123402170
2016-01-18,123405386
2016-01-19,123461878
2016-01-20,123499567
2016-01-21,123530441
2016-01-22,123569185
2016-01-23,123572987
2016-01-24,123576898
2016-01-25,123588861
2016-01-26,123623684
2016-01-27,123665059
2016-01-28,123700820
2016-01-29,123737162
2016-01-30,123766264
2016-01-31,123769403
2016-02-01,123784417
2016-02-02,123844985
2016-02-03,123885517
2016-02-04,123933464
2016-02-05,123955798
2016-02-06,123962516
2016-02-07,123959924
2016-02-08,123960449
2016-02-09,123983422
2016-02-10,124011527
2016-02-11,124038522
2016-02-12,124063558
2016-02-13,124086295
2016-02-14,124088461
2016-02-15,124088845
2016-02-16,124120609
2016-02-17,124166231
2016-02-18,124220616
2016-02-19,124329086
2016-02-20,124401213
2016-02-21,124403951
2016-02-22,124456093
2016-02-23,124538902
2016-02-24,124607798
2016-02-25,124682337
2016-02-26,124750083
2016-02-27,124776521
2016-02-28,124781912
2016-02-29,124828964
2016-03-01,124898515
2016-03-02,125004808
2016-03-03,125064171
2016-03-04,125118135
2016-03-05,125140312
2016-03-06,125138058
2016-03-07,125146255
2016-03-08,125202151
2016-03-09,125232177
2016-03-10,125255681
2016-03-11,125275398
2016-03-12,125279701
2016-03-13,125264629
2016-03-14,125260218
2016-03-15,125295279
2016-03-16,125333729
2016-03-17,125368250
2016-03-18,125399167
2016-03-19,125408118
2016-03-20,125394809
2016-03-21,125392532
2016-03-22,125424964
2016-03-23,125465065
2016-03-24,125488384
2016-03-25,125506207
2016-03-26,125509492
2016-03-27,125504354
2016-03-28,125495186
2016-03-29,125527954
2016-03-30,125564738
2016-03-31,125605288
2016-04-01,125629663
2016-04-02,125643108
2016-04-03,125626048
2016-04-04,125632641
2016-04-05,125675543
2016-04-06,125698678
2016-04-07,125733066
2016-04-08,125764185
2016-04-09,125754995
2016-04-10,125726114
2016-04-11,125726441
2016-04-12,125786796
2016-04-13,125827874
2016-04-14,125845793
2016-04-15,125862432
2016-04-16,125863529
2016-04-17,125840276
2016-04-18,125821712
2016-04-19,125845725
2016-04-20,125875286
2016-04-21,125895637
2016-04-22,125923794
2016-04-23,125922008
2016-04-24,125894569
2016-04-25,125871864
2016-04-26,125904059
2016-04-27,125937371
2016-04-28,125967004
2016-04-29,125989371
2016-04-30,125995473
2016-05-01,125980067
2016-05-02,125964661
2016-05-03,125984020
2016-05-04,126012010
2016-05-05,126035517
2016-05-06,126045623
2016-05-07,126040943
2016-05-08,126014561
2016-05-09,125985183
2016-05-10,126016475
2016-05-11,126053283
2016-05-12,126080329
2016-05-13,126104576
2016-05-14,126113661
2016-05-15,126081168
2016-05-16,126071682
2016-05-17,126095479
2016-05-18,126141160
2016-05-19,126162609
2016-05-20,126180276
2016-05-21,126187186
2016-05-22,126165401
2016-05-23,126148659
2016-05-24,126180312
2016-05-25,126216685
2016-05-26,126244780
2016-05-27,126262898
2016-05-28,126261334
2016-05-29,126235798
2016-05-30,126210188
2016-05-31,126224197
2016-06-01,126280291
2016-06-02,126305239
2016-06-03,126325243
2016-06-04,126333867
2016-06-05,126305043
2016-06-06,126274855
2016-06-07,126294143
2016-06-08,126326060
2016-06-09,126347819
2016-06-10,126359143
2016-06-11,126355037
2016-06-12,126330396
2016-06-13,126312050
2016-06-14,126345719
2016-06-15,126372008
2016-06-16,126397128
2016-06-17,126420132
2016-06-18,126418824
2016-06-19,126394871
2016-06-20,126375494
2016-06-21,126398982
2016-06-22,126419784
2016-06-23,126439772
2016-06-24,126453821
2016-06-25,126452619
2016-06-26,126427962
2016-06-27,126412547
2016-06-28,126431904
2016-06-29,126468618
2016-06-30,126488676
2016-07-01,126505949
2016-07-02,126493847
2016-07-03,126465585
2016-07-04,126440476
2016-07-05,126443178
2016-07-06,126463956
2016-07-07,126495267
2016-07-08,126506039
2016-07-09,126507320
2016-07-10,126482586
2016-07-11,126459583
2016-07-12,126499367
2016-07-13,126539659
2016-07-14,126568155
2016-07-15,126584816
2016-07-16,126582309
2016-07-17,126550171
2016-07-18,126532878
2016-07-19,126558595
2016-07-20,126577027
2016-07-21,126595945
2016-07-22,126615467
2016-07-23,126622967
2016-07-24,126594583
2016-07-25,126565984
2016-07-26,126588265
2016-07-27,126610744
2016-07-28,126627850
2016-07-29,126642260
2016-07-30,126652683
2016-07-31,126627506
2016-08-01,126621063
2016-08-02,126639681
2016-08-03,126678361
2016-08-04,126698072
2016-08-05,126715627
2016-08-06,126719081
2016-08-07,126698109
2016-08-08,126677732
2016-08-09,126710549
2016-08-10,126739334
2016-08-11,126761180
2016-08-12,126775334
2016-08-13,126778861
2016-08-14,126752809
2016-08-15,126736925
2016-08-16,126776673
2016-08-17,126807056
2016-08-18,126833560
2016-08-19,126849212
2016-08-20,126844328
2016-08-21,126827050
2016-08-22,126811965
2016-08-23,126842871
2016-08-24,126872432
2016-08-25,126907773
2016-08-26,126928296
2016-08-27,126929285
2016-08-28,126901506
2016-08-29,126880390
2016-08-30,126922148
2016-08-31,126955911
2016-09-01,126995780
2016-09-02,127014889
2016-09-03,127025098
2016-09-04,127006069
2016-09-05,126991671
2016-09-06,126997851
2016-09-07,127037822
2016-09-08,127054541
2016-09-09,127067671
2016-09-10,127078717
2016-09-11,127064660
2016-09-12,127049731
2016-09-13,127077988
2016-09-14,127097081
2016-09-15,127121325
2016-09-16,127135207
2016-09-17,127136213
2016-09-18,127107575
2016-09-19,127091402
2016-09-20,127118447
2016-09-21,127153313
2016-09-22,127188848
2016-09-23,127212321
2016-09-24,127222046
2016-09-25,127193271
2016-09-26,127180155
2016-09-27,127211497
2016-09-28,127240688
2016-09-29,127276749
2016-09-30,127305024
2016-10-01,127316964
2016-10-02,127291004
2016-10-03,127259487
2016-10-04,127267225
2016-10-05,127297417
2016-10-06,127307095
2016-10-07,127318583
2016-10-08,127306130
2016-10-09,127294473
2016-10-10,127278318
2016-10-11,127307316
2016-10-12,127348014
2016-10-13,127374179
2016-10-14,127399895
2016-10-15,127403477
2016-10-16,127382923
2016-10-17,127364765
2016-10-18,127379956
2016-10-19,127420211
2016-10-20,127451562
2016-10-21,127474328
2016-10-22,127487690
2016-10-23,127467323
2016-10-24,127461104
2016-10-25,127461104
2016-10-26,127481873
2016-10-27,127514528
2016-10-28,127546129
2016-10-29,127552103
2016-10-30,127519693
2016-10-31,127506285
2016-11-01,127543305
2016-11-02,127566651
2016-11-03,127577792
2016-11-04,127552132
2016-11-05,127466618
2016-11-06,127436393
2016-11-07,127406832
2016-11-08,127357690
2016-11-09,127374026
2016-11-10,127386382
2016-11-11,127407882
2016-11-12,127420847
2016-11-13,127393670
2016-11-14,127379244
2016-11-15,127405200
2016-11-16,127437299
2016-11-17,127463975
2016-11-18,127469339
2016-11-19,127410249
2016-11-20,127250370
2016-11-21,127215865
2016-11-22,127114123
2016-11-23,127088581
2016-11-24,127096876
2016-11-25,127052357
2016-11-26,127052035
2016-11-27,127007054
2016-11-28,126970195
2016-11-29,127005900
2016-11-30,127020497
2016-12-01,127073514
2016-12-02,127083295
2016-12-03,127084553
2016-12-04,127053230
2016-12-05,127024253
2016-12-06,127043766
2016-12-07,127044669
2016-12-08,127050405
2016-12-09,127056525
2016-12-10,127028193
2016-12-11,126984781
2016-12-12,126943101
2016-12-13,126945210
2016-12-14,126964543
2016-12-15,126950946
2016-12-16,126888807
2016-12-17,126847575
2016-12-18,126774945
2016-12-19,126614950
2016-12-20,126527482
2016-12-21,126493013
2016-12-22,126411607
2016-12-23,126418864
2016-12-24,126349891
2016-12-25,126194219
2016-12-26,126063762
2016-12-27,125970023
2016-12-28,125945264
2016-12-29,125904788
2016-12-30,125887040
2016-12-31,125872540
2017-01-01,125843203
2017-01-02,125805149
2017-01-03,125813904
2017-01-04,125829233
2017-01-05,125842151
2017-01-06,125856357
2017-01-07,125875518
2017-01-08,125893134
2017-01-09,125883571
2017-01-10,125905805
2017-01-11,125945107
2017-01-12,125974502
2017-01-13,125986117
2017-01-14,125995010
2017-01-15,125980906
2017-01-16,125975522
2017-01-17,126011800
2017-01-18,126047495
2017-01-19,126083371
2017-01-20,126106599
2017-01-21,126107902
2017-01-22,126090582
2017-01-23,126080912
2017-01-24,126122623
2017-01-25,126160599
2017-01-26,126200166
2017-01-27,126227256
2017-01-28,126207342
2017-01-29,126188611
2017-01-30,126173881
2017-01-31,126198837
2017-02-01,126242516
2017-02-02,126271295
2017-02-03,126294653
2017-02-04,126313413
2017-02-05,126318716
2017-02-06,126322567
2017-02-07,126368436
2017-02-08,126417515
2017-02-09,126460116
2017-02-10,126493839
2017-02-11,126517491
2017-02-12,126514028
2017-02-13,126522836
2017-02-14,126554576
2017-02-15,126603050
2017-02-16,126644167
2017-02-17,126673313
2017-02-18,126680269
2017-02-19,126649523
2017-02-20,126605760
2017-02-21,126653689
2017-02-22,126707676
2017-02-23,126750639
2017-02-24,126793165
2017-02-25,126798796
2017-02-26,126782015
2017-02-27,126774864
2017-02-28,126804392
2017-03-01,126853345
2017-03-02,126881773
2017-03-03,126923896
2017-03-04,126943405
2017-03-05,126926079
2017-03-06,126902131
2017-03-07,126956329
2017-03-08,127012919
2017-03-09,127036160
2017-03-10,127035487
2017-03-11,127022486
2017-03-12,127000680
2017-03-13,126994776
2017-03-14,127033350
2017-03-15,127079406
2017-03-16,127103444
2017-03-17,127140467
2017-03-18,127150600
2017-03-19,127135176
2017-03-20,127124764
2017-03-21,127145945
2017-03-22,127166465
2017-03-23,127205691
2017-03-24,127242808
2017-03-25,127261967
2017-03-26,127203983
2017-03-27,127136572
2017-03-28,127166490
2017-03-29,127175989
2017-03-30,127196165
2017-03-31,127210268
2017-04-01,127190057
2017-04-02,127117685
2017-04-03,127084317
2017-04-04,127098934
2017-04-05,127068676
2017-04-06,127043110
2017-04-07,127056793
2017-04-08,127044187
2017-04-09,127017838
2017-04-10,126974836
2017-04-11,126981975
2017-04-12,126973661
2017-04-13,126906569
2017-04-14,126900289
2017-04-15,126864785
2017-04-16,126841369
2017-04-17,126815513
2017-04-18,126836208
2017-04-19,126868911
2017-04-20,126907470
2017-04-21,126943291
2017-04-22,126950921
2017-04-23,126927299
2017-04-24,126909094
2017-04-25,126944697
2017-04-26,126961820
2017-04-27,126994914
2017-04-28,127022634
2017-04-29,127034661
2017-04-30,127006548
2017-05-01,127003767
2017-05-02,127010199
2017-05-03,127047228
2017-05-04,127078509
2017-05-05,127109830
2017-05-06,127123467
2017-05-07,127116001
2017-05-08,127107987
2017-05-09,127137044
2017-05-10,127165330
2017-05-11,127200074
2017-05-12,127227104
2017-05-13,127243302
2017-05-14,127230017
2017-05-15,127214956
2017-05-16,127253324
2017-05-17,127284289
2017-05-18,127313754
2017-05-19,127335304
2017-05-20,127354818
2017-05-21,127334295
2017-05-22,127328016
2017-05-23,127357260
2017-05-24,127375037
2017-05-25,127401173
2017-05-26,127408714
2017-05-27,127417353
2017-05-28,127391286
2017-05-29,127383418
2017-05-30,127385444
2017-05-31,127418384
2017-06-01,127452738
2017-06-02,127481013
2017-06-03,127482976
2017-06-04,127474578
2017-06-05,127451632
2017-06-06,127460756
2017-06-07,127482348
2017-06-08,127505590
2017-06-09,127531230
2017-06-10,127524862
2017-06-11,127492720
2017-06-12,127483651
2017-06-13,127502287
2017-06-14,127535273
2017-06-15,127572710
2017-06-16,127606856
2017-06-17,127614649
2017-06-18,127593110
2017-06-19,127576170
2017-06-20,127601353
2017-06-21,127631140
2017-06-22,127661255
2017-06-23,127648020
2017-06-24,127656619
2017-06-25,127636003
2017-06-26,127633510
2017-06-27,127632804
2017-06-28,127633548
2017-06-29,127659288
2017-06-30,127688689
2017-07-01,127726265
2017-07-02,127704106
2017-07-03,127682978
2017-07-04,127710640
2017-07-05,127714575
2017-07-06,127739538
2017-07-07,127763849
2017-07-08,127779720
2017-07-09,127762818
2017-07-10,127753097
2017-07-11,127778561
2017-07-12,127826694
2017-07-13,127856491
2017-07-14,127885576
2017-07-15,127888624
2017-07-16,127869412
2017-07-17,127853900
2017-07-18,127887691
2017-07-19,127924833
2017-07-20,127950645
2017-07-21,127980219
2017-07-22,128000936
2017-07-23,127987953
2017-07-24,127986497
2017-07-25,128029360
2017-07-26,128047061
2017-07-27,128073317
2017-07-28,128046462
2017-07-29,128063459
2017-07-30,128040542
2017-07-31,128029487
2017-08-01,128045173
2017-08-02,128075181
2017-08-03,128121380
2017-08-04,128154390
2017-08-05,128174428
2017-08-06,128155867
2017-08-07,128151960
2017-08-08,128194213
2017-08-09,128248502
2017-08-10,128286640
2017-08-11,128322037
2017-08-12,128341180
2017-08-13,128325782
2017-08-14,128317618
2017-08-15,128351150
2017-08-16,128389195
2017-08-17,128420984
2017-08-18,128453902
2017-08-19,128474342
2017-08-20,128466564
2017-08-21,128461191
2017-08-22,128494059
2017-08-23,128531015
2017-08-24,128550256
2017-08-25,128565755
2017-08-26,128574718
2017-08-27,128557629
2017-08-28,128546663
2017-08-29,128578722
2017-08-30,128603531
2017-08-31,128636523
2017-09-01,128679269
2017-09-02,128682188
2017-09-03,128668090
2017-09-04,128664096
2017-09-05,128686197
2017-09-06,128723009
2017-09-07,128759019
2017-09-08,128791924
2017-09-09,128816186
2017-09-10,128807144
2017-09-11,128794651
2017-09-12,128829982
2017-09-13,128868652
2017-09-14,128902944
2017-09-15,128940196
2017-09-16,128966278
2017-09-17,128954756
2017-09-18,128956455
2017-09-19,128999410
2017-09-20,129037728
2017-09-21,129074196
2017-09-22,129105662
2017-09-23,129129057
2017-09-24,129121488
2017-09-25,129123691
2017-09-26,129159769
2017-09-27,129193657
2017-09-28,129235063
2017-09-29,129269763
2017-09-30,129290568
2017-10-01,129286042
2017-10-02,129277312
2017-10-03,129300162
2017-10-04,129322813
2017-10-05,129353161
2017-10-06,129372073
2017-10-07,129381903
2017-10-08,129376316
2017-10-09,129369396
2017-10-10,129406926
2017-10-11,129450932
2017-10-12,129458612
2017-10-13,129493252
2017-10-14,129509456
2017-10-15,129501296
2017-10-16,129501877
2017-10-17,129549062
2017-10-18,129590605
2017-10-19,129622566
2017-10-20,129652890
2017-10-21,129678167
2017-10-22,129669567
2017-10-23,129650218
2017-10-24,129679737
2017-10-25,129717034
2017-10-26,129744496
2017-10-27,129773091
2017-10-28,129785255
2017-10-29,129768300
2017-10-30,129764877
2017-10-31,129793486
2017-11-01,129822935
2017-11-02,129798699
2017-11-03,129822777
2017-11-04,129837850
2017-11-05,129833366
2017-11-06,129825814
2017-11-07,129870575
2017-11-08,129910572
2017-11-09,129947252
2017-11-10,129984308
2017-11-11,130010326
2017-11-12,130012465
2017-11-13,130008829
2017-11-14,130043258
2017-11-15,130084225
2017-11-16,130114924
2017-11-17,130146732
2017-11-18,130170472
2017-11-19,130164467
2017-11-20,130155258
2017-11-21,130191116
2017-11-22,130244471
2017-11-23,130266293
2017-11-24,130279637
2017-11-25,130309094
2017-11-26,130304396
2017-11-27,130306366
2017-11-28,130371659
2017-11-29,130407468
2017-11-30,130444699
2017-12-01,130467046
2017-12-02,130502689
2017-12-03,130478313
2017-12-04,130473968
2017-12-05,130513970
2017-12-06,130535427
2017-12-07,130555830
2017-12-08,130569467
2017-12-09,130579675
2017-12-10,130568483
2017-12-11,130561736
2017-12-12,130592313
2017-12-13,130579625
2017-12-14,130580508
2017-12-15,130581453
2017-12-16,130570230
2017-12-17,130538170
2017-12-18,130513386
2017-12-19,130519634
2017-12-20,130532286
2017-12-21,130553799
2017-12-22,130557472
2017-12-23,130533461
2017-12-24,130498625
2017-12-25,130457826
2017-12-26,130445014
2017-12-27,130440001
2017-12-28,130440933
2017-12-29,130429425
2017-12-30,130429165
2017-12-31,130408680
2018-01-01,130374997
2018-01-02,130354432
2018-01-03,130388938
2018-01-04,130407727
2018-01-05,130449241
2018-01-06,130480921
2018-01-07,130488798
2018-01-08,130484483
2018-01-09,130526505
2018-01-10,130552877
2018-01-11,130582102
2018-01-12,130615957
2018-01-13,130615737
2018-01-14,130593796
2018-01-15,130593775
2018-01-16,130632913
2018-01-17,130674549
2018-01-18,130715591
2018-01-19,130750710
2018-01-20,130777516
2018-01-21,130778123
2018-01-22,130754026
2018-01-23,130785618
2018-01-24,130816549
2018-01-25,130857652
2018-01-26,130896862
2018-01-27,130933526
2018-01-28,130935547
2018-01-29,130942696
2018-01-30,130990304
2018-01-31,131049308
2018-02-01,131075327
2018-02-02,131106609
2018-02-03,131124171
2018-02-04,131109439
2018-02-05,131109121
2018-02-06,131161015
2018-02-07,131206524
2018-02-08,131247639
2018-02-09,131282095
2018-02-10,131317534
2018-02-11,131309222
2018-02-12,131302459
2018-02-13,131333361
2018-02-14,131361993
2018-02-15,131384779
2018-02-16,131395452
2018-02-17,131389117
2018-02-18,131372456
2018-02-19,131361951
2018-02-20,131368374
2018-02-21,131387591
2018-02-22,131399758
2018-02-23,131423352
2018-02-24,131430954
2018-02-25,131426893
2018-02-26,131421543
2018-02-27,131455318
2018-02-28,131491172
2018-03-01,131530204
2018-03-02,131556344
2018-03-03,131559315
2018-03-04,131549147
2018-03-05,131535783
2018-03-06,131549204
2018-03-07,131585704
2018-03-08,131624413
2018-03-09,131661214
2018-03-10,131680227
2018-03-11,131672857
2018-03-12,131679247
2018-03-13,131725942
2018-03-14,131776137
2018-03-15,131853761
2018-03-16,131903942
2018-03-17,131918889
2018-03-18,131927635
2018-03-19,131939706
2018-03-20,131994105
2018-03-21,132041676
2018-03-22,132089226
2018-03-23,132132222
2018-03-24,132153676
2018-03-25,132146814
2018-03-26,132148566
2018-03-27,132189714
2018-03-28,132226526
2018-03-29,132270596
2018-03-30,132308940
2018-03-31,132317651
2018-04-01,132324616
2018-04-02,132317454
2018-04-03,132344580
2018-04-04,132373031
2018-04-05,132403337
2018-04-06,132408203
2018-04-07,132413908
2018-04-08,132400824
2018-04-09,132400658
2018-04-10,132434056
2018-04-11,132481245
2018-04-12,132518410
2018-04-13,132552238
2018-04-14,132558111
2018-04-15,132562854
2018-04-16,132564957
2018-04-17,132610871
2018-04-18,132640728
2018-04-19,132651794
2018-04-20,132675512
2018-04-21,132695379
2018-04-22,132677186
2018-04-23,132678314
2018-04-24,132717182
2018-04-25,132764402
2018-04-26,132791366
2018-04-27,132819689
2018-04-28,132854061
2018-04-29,132831565
2018-04-30,132796700
2018-05-01,132847855
2018-05-02,132881181
2018-05-03,132926679
2018-05-04,132958861
2018-05-05,132987561
2018-05-06,132967053
2018-05-07,132968607
2018-05-08,132990803
2018-05-09,133032093
2018-05-10,133060991
2018-05-11,133079277
2018-05-12,133094786
2018-05-13,133082363
2018-05-14,133066311
2018-05-15,133117905
2018-05-16,133149998
2018-05-17,133175459
2018-05-18,133209353
2018-05-19,133235201
2018-05-20,133223810
2018-05-21,133221005
2018-05-22,133263713
2018-05-23,133293779
2018-05-24,133325558
2018-05-25,133351635
2018-05-26,133373576
2018-05-27,133358917
2018-05-28,133352933
2018-05-29,133377757
2018-05-30,133423706
2018-05-31,133450654
2018-06-01,133497656
2018-06-02,133512975
2018-06-03,133504883
2018-06-04,133496823
2018-06-05,133540382
2018-06-06,133569586
2018-06-07,133601719
2018-06-08,133637140
2018-06-09,133647870
2018-06-10,133635991
2018-06-11,133633669
2018-06-12,133667429
2018-06-13,133696256
2018-06-14,133729583
2018-06-15,133744171
2018-06-16,133741204
2018-06-17,133716902
2018-06-18,133697392
2018-06-19,133717060
2018-06-20,133761603
2018-06-21,133802704
2018-06-22,133829672
2018-06-23,133839645
2018-06-24,133825570
2018-06-25,133815765
2018-06-26,133848416
2018-06-27,133878861
2018-06-28,133909989
2018-06-29,133938918
2018-06-30,133969045
2018-07-01,133969044
2018-07-02,133975486
2018-07-03,134013720
2018-07-04,134059708
2018-07-05,134072360
2018-07-06,134070211
2018-07-07,134087508
2018-07-08,134079974
2018-07-09,134073066
2018-07-10,134133740
2018-07-11,134174454
2018-07-12,134191379
2018-07-13,134218752
2018-07-14,134238489
2018-07-15,134236953
2018-07-16,134233364
2018-07-17,134284185
2018-07-18,134314380
2018-07-19,134352923
2018-07-20,134381691
2018-07-21,134400084
2018-07-22,134391394
2018-07-23,134390101
2018-07-24,134442250
2018-07-25,134474554
2018-07-26,134513377
2018-07-27,134554808
2018-07-28,134581114
2018-07-29,134578045
2018-07-30,134578056
2018-07-31,134625936
2018-08-01,134672458
2018-08-02,134704811
2018-08-03,134737848
2018-08-04,134758202
2018-08-05,134753884
2018-08-06,134737950
2018-08-07,134769830
2018-08-08,134801747
2018-08-09,134828745
2018-08-10,134863128
2018-08-11,134874299
2018-08-12,134864111
2018-08-13,134860651
2018-08-14,134910452
2018-08-15,134954645
2018-08-16,134988702
2018-08-17,135021154
2018-08-18,135034452
2018-08-19,135022417
2018-08-20,135026273
2018-08-21,135067377
2018-08-22,135089715
2018-08-23,135118238
2018-08-24,135156122
2018-08-25,135163479
2018-08-26,135149998
2018-08-27,135150731
2018-08-28,135198530
2018-08-29,135234260
2018-08-30,135261079
2018-08-31,135301037
2018-09-01,135331932
2018-09-02,135318280
2018-09-03,135314935
2018-09-04,135348631
2018-09-05,135382139
2018-09-06,135404293
2018-09-07,135459318
2018-09-08,135492267
2018-09-09,135489520
2018-09-10,135490992
2018-09-11,135539273
2018-09-12,135567138
2018-09-13,135602078
2018-09-14,135642359
2018-09-15,135658146
2018-09-16,135647948
2018-09-17,135654397
2018-09-18,135692511
2018-09-19,135726236
2018-09-20,135762579
2018-09-21,135793458
2018-09-22,135807547
2018-09-23,135799757
2018-09-24,135793484
2018-09-25,135828196
2018-09-26,135865370
2018-09-27,135887432
2018-09-28,135914847
2018-09-29,135933200
2018-09-30,135915653
2018-10-01,135942298
2018-10-02,135972020
2018-10-03,135989321
2018-10-04,135994313
2018-10-05,136009311
2018-10-06,136012221
2018-10-07,136007522
2018-10-08,136007269
2018-10-09,136042983
2018-10-10,136071717
2018-10-11,136099622
2018-10-12,136127554
2018-10-13,136142063
2018-10-14,136140501
2018-10-15,136133675
2018-10-16,136163449
2018-10-17,136221018
2018-10-18,136252036
2018-10-19,136284141
2018-10-20,136297681
2018-10-21,136293552
2018-10-22,136296265
2018-10-23,136329161
2018-10-24,136354302
2018-10-25,136368934
2018-10-26,136395813
2018-10-27,136406588
2018-10-28,136396826
2018-10-29,136396101
2018-10-30,136437429
2018-10-31,136461114
2018-11-01,136486646
2018-11-02,136497069
2018-11-03,136504093
2018-11-04,136483863
2018-11-05,136482008
2018-11-06,136511141
2018-11-07,136541385
2018-11-08,136581517
2018-11-09,136604044
2018-11-10,136615815
2018-11-11,136607481
2018-11-12,136660804
2018-11-13,136662939
2018-11-14,136692576
2018-11-15,136723699
2018-11-16,136748971
2018-11-17,136761818
2018-11-18,136752366
2018-11-19,136753401
2018-11-20,136794134
2018-11-21,136833875
2018-11-22,136867589
2018-11-23,136879516
2018-11-24,136886103
2018-11-25,136879012
2018-11-26,136898994
2018-11-27,136950394
2018-11-28,136991162
2018-11-29,137024562
2018-11-30,137047756
2018-12-01,137079289
2018-12-02,137067087
2018-12-03,137062953
2018-12-04,137088183
2018-12-05,137119187
2018-12-06,137136762
2018-12-07,137150499
2018-12-08,137166062
2018-12-09,137147402
2018-12-10,137147468
2018-12-11,137181351
2018-12-12,137211979
2018-12-13,137231219
2018-12-14,137231043
2018-12-15,137249799
2018-12-16,137241953
2018-12-17,137232336
2018-12-18,137259699
2018-12-19,137282392
2018-12-20,137295096
2018-12-21,137282232
2018-12-22,137298831
2018-12-23,137282960
2018-12-24,137261125
2018-12-25,137281660
2018-12-26,137271738
2018-12-27,137255262
2018-12-28,137286128
2018-12-29,137299904
2018-12-30,137288111
2018-12-31,137259473
2019-01-01,137286180
2019-01-02,137278603
2019-01-03,137299771
2019-01-04,137317366
2019-01-05,137310861
2019-01-06,137312441
2019-01-07,137305253
2019-01-08,137326179
2019-01-09,137405615
2019-01-10,137435764
2019-01-11,137425022
2019-01-12,137448081
2019-01-13,137445933
2019-01-14,137438277
2019-01-15,137499235
2019-01-16,137534188
2019-01-17,137570315
2019-01-18,137607572
2019-01-19,137626530
2019-01-20,137614777
2019-01-21,137594617
2019-01-22,137626154
2019-01-23,137672896
2019-01-24,137729676
2019-01-25,137734560
2019-01-26,137762095
2019-01-27,137780873
2019-01-28,137756106
2019-01-29,137823021
2019-01-30,137821377
2019-01-31,137893500
2019-02-01,137885531
2019-02-02,137926434
2019-02-03,137923639
2019-02-04,137904015
2019-02-05,137910755
2019-02-06,137942121
2019-02-07,137998154
2019-02-08,138018852
2019-02-09,138006720
2019-02-10,138027539
2019-02-11,138026453
2019-02-12,138027538
2019-02-13,138108870
2019-02-14,138097100
2019-02-15,138125393
2019-02-16,138201345
2019-02-17,138174410
2019-02-18,138162171
2019-02-19,138180553
2019-02-20,138253730
2019-02-21,138244897
2019-02-22,138317214
2019-02-23,138293311
2019-02-24,138292778
2019-02-25,138287195
2019-02-26,138311643
2019-02-27,138388746
2019-02-28,138371119
2019-03-01,138394665
2019-03-02,138471576
2019-03-03,138443012
2019-03-04,138446974
2019-03-05,138483800
2019-03-06,138570503
2019-03-07,138609644
2019-03-08,138650659
2019-03-09,138629392
2019-03-10,138631225
2019-03-11,138613334
2019-03-12,138682219
2019-03-13,138672479
2019-03-14,138695108
2019-03-15,138729210
2019-03-16,138731761
2019-03-17,138708169
2019-03-18,138688588
2019-03-19,138773100
2019-03-20,138819686
2019-03-21,138812542
2019-03-22,138866600
2019-03-23,138896160
2019-03-24,138887785
2019-03-25,138888315
2019-03-26,138888733
2019-03-27,138983457
2019-03-28,139040781
2019-03-29,139072348
2019-03-30,139127705
2019-03-31,139135570
2019-04-01,139156485
2019-04-02,139150453
2019-04-03,139250161
2019-04-04,139298865
2019-04-05,139297687
2019-04-06,139345312
2019-04-07,139315499
2019-04-08,139332697
2019-04-09,139339327
2019-04-10,139337433
2019-04-11,139458327
2019-04-12,139452170
2019-04-13,139474791
2019-04-14,139476293
2019-04-15,139464531
2019-04-16,139477429
2019-04-17,139472754
2019-04-18,139527258
2019-04-19,139522126
2019-04-20,139573247
2019-04-21,139564801
2019-04-22,139534942
2019-04-23,139548972
2019-04-24,139579409
2019-04-25,139601594
2019-04-26,139624028
2019-04-27,139659218
2019-04-28,139667014
2019-04-29,139657411
2019-04-30,139672022
2019-05-01,139697471
2019-05-02,139736062
2019-05-03,139753165
2019-05-04,139760838
2019-05-05,139756319
2019-05-06,139724511
2019-05-07,139725063
2019-05-08,139758331
2019-05-09,139789544
2019-05-10,139802369
2019-05-11,139825877
2019-05-12,139827032
2019-05-13,139813273
2019-05-14,139843008
2019-05-15,139887509
2019-05-16,139923417
2019-05-17,139946952
2019-05-18,139959827
2019-05-19,139942318
2019-05-20,139926182
2019-05-21,139942245
2019-05-22,139980185
2019-05-23,140012893
2019-05-24,140055889
2019-05-25,140074670
2019-05-26,140067213
2019-05-27,140044630
2019-05-28,140075112
2019-05-29,140097923
2019-05-30,140127824
2019-05-31,140151603
2019-06-01,140169368
2019-06-02,140182521
2019-06-03,140166685
2019-06-04,140181634
2019-06-05,140227720
2019-06-06,140232353
2019-06-07,140256301
2019-06-08,140284585
2019-06-09,140276735
2019-06-10,140253772
2019-06-11,140271757
2019-06-12,140300848
2019-06-13,140329298
2019-06-14,140360387
2019-06-15,140375394
2019-06-16,140374376
2019-06-17,140348732
2019-06-18,140366194
2019-06-19,140399919
2019-06-20,140431338
2019-06-21,140468150
2019-06-22,140500569
2019-06-23,140490133
2019-06-24,140485369
2019-06-25,140515582
2019-06-26,140557805
2019-06-27,140586005
2019-06-28,140606853
2019-06-29,140628454
2019-06-30,140641488
2019-07-01,140621438
2019-07-02,140646272
2019-07-03,140663003
2019-07-04,140693932
2019-07-05,140712624
2019-07-06,140713906
2019-07-07,140698967
2019-07-08,140681519
2019-07-09,140693315
2019-07-10,140745942
2019-07-11,140793116
2019-07-12,140818150
2019-07-13,140840488
2019-07-14,140824482
2019-07-15,140811303
2019-07-16,140829877
2019-07-17,140857411
2019-07-18,140901785
2019-07-19,140932073
2019-07-20,140949426
2019-07-21,140954962
2019-07-22,140944225
2019-07-23,140953165
2019-07-24,141007872
2019-07-25,141033011
2019-07-26,141057396
2019-07-27,141079388
2019-07-28,141074366
2019-07-29,141052055
2019-07-30,141075375
2019-07-31,141120270
2019-08-01,141145839
2019-08-02,141177913
2019-08-03,141184451
2019-08-04,141118611
2019-08-05,141070496
2019-08-06,141067855
2019-08-07,141106677
2019-08-08,141143772
2019-08-09,141258354
2019-08-10,141307723
2019-08-11,141304497
2019-08-12,141284244
2019-08-13,141302142
2019-08-14,141350404
2019-08-15,141378163
2019-08-16,141412749
2019-08-17,141443849
2019-08-18,141442703
2019-08-19,141417604
2019-08-20,141441126
2019-08-21,141492579
2019-08-22,141525864
2019-08-23,141538467
2019-08-24,141553851
2019-08-25,141545975
2019-08-26,141507017
2019-08-27,141522453
2019-08-28,141566689
2019-08-29,141594596
2019-08-30,141621451
2019-08-31,141625849
2019-09-01,141624794
2019-09-02,141602867
2019-09-03,141614056
2019-09-04,141619134
2019-09-05,141659263
2019-09-06,141671044
2019-09-07,141693578
2019-09-08,141691268
2019-09-09,141678938
2019-09-10,141690739
2019-09-11,141722583
2019-09-12,141766299
2019-09-13,141774447
2019-09-14,141774772
2019-09-15,141758264
2019-09-16,141741953
2019-09-17,141758963
2019-09-18,141789227
2019-09-19,141837603
2019-09-20,141868667
2019-09-21,141894387
2019-09-22,141884561
2019-09-23,141872599
2019-09-24,141876809
2019-09-25,141921451
2019-09-26,141950508
2019-09-27,141983743
2019-09-28,142007621
2019-09-29,142011374
2019-09-30,141990651
2019-10-01,142027333
2019-10-02,142069260
2019-10-03,142084266
2019-10-04,142106216
2019-10-05,142123848
2019-10-06,142120260
2019-10-07,142106237
2019-10-08,142111044
2019-10-09,142114136
2019-10-10,142191255
2019-10-11,142232851
2019-10-12,142261845
2019-10-13,142270277
2019-10-14,142256232
2019-10-15,142253999
2019-10-16,142302089
2019-10-17,142341793
2019-10-18,142377980
2019-10-19,142408100
2019-10-20,142410311
2019-10-21,142384475
2019-10-22,142374978
2019-10-23,142406726
2019-10-24,142436041
2019-10-25,142463766
2019-10-26,142495576
2019-10-27,142496693
2019-10-28,142477597
2019-10-29,142501626
2019-10-30,142530258
2019-10-31,142570353
2019-11-01,142615079
2019-11-02,142563690
2019-11-03,142486384
2019-11-04,142479615
2019-11-05,142510684
2019-11-06,142576497
2019-11-07,142599886
2019-11-08,142639161
2019-11-09,142668105
2019-11-10,142691937
2019-11-11,142688872
2019-11-12,142726058
2019-11-13,142792523
2019-11-14,142796005
2019-11-15,142794961
2019-11-16,142724825
2019-11-17,142739582
2019-11-18,142731388
2019-11-19,142756201
2019-11-20,142790358
2019-11-21,142830664
2019-11-22,142853043
2019-11-23,142859703
2019-11-24,142861966
2019-11-25,142842725
2019-11-26,142860696
2019-11-27,142906266
2019-11-28,142933066
2019-11-29,142955641
2019-11-30,142975096
2019-12-01,143001121
2019-12-02,142991963
2019-12-03,143032193
2019-12-04,143066831
2019-12-05,143105348
2019-12-06,143122254
2019-12-07,143145407
2019-12-08,143167790
2019-12-09,143160587
2019-12-10,143189066
2019-12-11,143236803
2019-12-12,143272452
2019-12-13,143285471
2019-12-14,143312687
2019-12-15,143321354
2019-12-16,143290951
2019-12-17,143323447
2019-12-18,143365774
2019-12-19,143370706
2019-12-20,143325043
2019-12-21,143349752
2019-12-22,143332486
2019-12-23,143318950
2019-12-24,143352392
2019-12-25,143364650
2019-12-26,143356519
2019-12-27,143354660
2019-12-28,143354711
2019-12-29,143348068
2019-12-30,143327828
2019-12-31,143344969
2020-01-01,143380928
2020-01-02,143385755
2020-01-03,143398880
2020-01-04,143439592
2020-01-05,143443046
2020-01-06,143416735
2020-01-07,143433754
2020-01-08,143472320
2020-01-09,143514426
2020-01-10,143559719
2020-01-11,143587784
2020-01-12,143592954
2020-01-13,143570085
2020-01-14,143599017
2020-01-15,143631990
2020-01-16,143665649
2020-01-17,143715212
2020-01-18,143742912
2020-01-19,143731619
2020-01-20,143718166
2020-01-21,143727655
2020-01-22,143735534
2020-01-23,143773500
2020-01-24,143786235
2020-01-25,143798117
2020-01-26,143800777
2020-01-27,143787278
2020-01-28,143791140
2020-01-29,143815203
2020-01-30,143839016
